{"cameraMode":{"drawMode":0,"name":"Shaded","section":"Shading Mode"},"sceneLighting":true,"audioPlay":false,"sceneViewState":{"m_AlwaysRefresh":false,"showFog":true,"showSkybox":true,"showFlares":true,"showImageEffects":true,"showParticleSystems":true,"showVisualEffectGraphs":true,"m_FxEnabled":true},"in2DMode":false,"pivot":{"x":0.11052780598402024,"y":0.20355182886123658,"z":1.1573905944824219},"rotation":{"x":0.04860610142350197,"y":-0.7014185786247253,"z":0.048046860843896869,"w":0.7094780206680298},"size":12.466161727905274,"orthographic":false}